{
  "WorkItem": {
    "AffectedComponent": {
      "Name": "",
      "DisplayName": ""
    },
    "ClosedComment": "",
    "ClosedDate": null,
    "CommentCount": 0,
    "Custom": null,
    "Description": "All downloads appear to contain only some xaml files:\n\n*     BuildProcessTemplates/DefaultTemplate.11.1.xaml\n*     BuildProcessTemplates/DefaultTemplate.xaml\n*     BuildProcessTemplates/LabDefaultTemplate.11.xaml\n*     BuildProcessTemplates/UpgradeTemplate.xaml\n\nThis is slightly less than useful :)\n\nSame goes for the SVN repo browsing. At current I see no way to access the project's source code or downloads.",
    "LastUpdatedDate": "2014-05-07T13:49:41.54-07:00",
    "PlannedForRelease": "",
    "ReleaseVisibleToPublic": false,
    "Priority": {
      "Name": "Unassigned",
      "Severity": 0,
      "Id": 0
    },
    "ProjectName": "SafeInt",
    "ReportedDate": "2014-04-22T01:38:48.883-07:00",
    "Status": {
      "Name": "Proposed",
      "Id": 1
    },
    "ReasonClosed": {
      "Name": "Unassigned"
    },
    "Summary": "All downloads appear broken",
    "Type": {
      "Name": "Unassigned",
      "Id": 5
    },
    "VoteCount": 1,
    "Id": 16816
  },
  "FileAttachments": [],
  "Comments": [
    {
      "Message": "If you download the link to the source directly, then yes, you get some sort of script goo. If you click on the link, it will then download the right file to you. I don't know why this happens, sorry.",
      "PostedDate": "2014-05-07T13:49:41.54-07:00",
      "Id": -2147483648
    }
  ]
}