[
  {
    "Id": 6534,
    "Title": "Five changes to improve C++ Standard conformance"
  },
  {
    "Id": 6609,
    "Title": "Publish SafeInt tests"
  },
  {
    "Id": 6642,
    "Title": "Implicit conversion to floating point fails to compile"
  },
  {
    "Id": 6645,
    "Title": "Min and Max helpers fail to compile on gcc"
  },
  {
    "Id": 6710,
    "Title": "SafeInt does not compile correctly on MacOS"
  },
  {
    "Id": 6711,
    "Title": "Need to use standard defines for GCC, remove warnings from test rig"
  },
  {
    "Id": 7910,
    "Title": "Potential performance gain from non-member operator+"
  },
  {
    "Id": 8791,
    "Title": "bug gcc 4.3.2 and 4.4.1 int64_t"
  },
  {
    "Id": 13029,
    "Title": "IntrinsicMultiplyUint64 and IntrinsicMultiplyInt64 missing \"inline\" keyword"
  },
  {
    "Id": 14278,
    "Title": "integer overflows"
  },
  {
    "Id": 15237,
    "Title": "nullptr and /CLR"
  },
  {
    "Id": 16816,
    "Title": "All downloads appear broken"
  },
  {
    "Id": 17327,
    "Title": "Fix Run-Time Check Failure"
  },
  {
    "Id": 17629,
    "Title": "The address operator(&) overload breaks basic expectation from SafeInt<T,E> class"
  },
  {
    "Id": 17676,
    "Title": "SafeInt<int64_t> v = pow(2.0, 63.0) doesn't throw"
  }
]